Key,Num
ACCCCCTGGCTCTGGAAAGACCCTCATTGCTAGAGCTGTTGCTAATGAAACAGGTGCTTTCTTCTTTCTGATTAATGGCCCGGAGATTATGTCA,3959
ACCCCCTGGCTCTGGAAAGACCCTCATTGCTAGAGCTGTTGCTAATGAAACAGGTGCTTTCTTCTTTCTGATTAATGGCCCGGAGANTATGTCA,530
ACCCCCTGGCTCTGGAAAGACCCTCATTGCTAGAGCTGTTGCTAATGAAACAGGTGCTTTCTTCTTTCTGATTAATGGCCCGGAGATNATGTCA,324
ACCCCCTGGCTCTGGAAAGACCCTCATTGCTAGAGCTGTTGCTAATGAAACAGGTGCTTTCTTCTTTCTGATTAATGGCCCGGAGATTATNTCA,139
ACCCCCTGGCTCTGGAAAGACCCTCATTGCTAGAGCTGTTGCTAATGAAACAGGTGCTTTCTTCTTTCTGATTAATGGCCCGGAGANNATGTCA,125
ACCCCCTGGCTCTGGAAAGACCCTCATTGCTAGAGCTGTTGCTAATGAAACAGGTGCTTTCTTCTTTCTGATTAATGGCCCGGAGATTANGTCA,81
ACCCCCTGGCTCTGGAAAGACCCTCATTGCTAGAGCTGTTGCTAATGAAACAGGTGCTTTCTTCTTTCTGATTAATGGCCCGGAGATTATGTCN,54
ACCCCCTGGCTCTGGAAAGACCCTCATTGCTAGAGCTGTTGCTAATGAAACAGGTGCTTTCTTCTTTCTGATTAATGGCCCGGAGANTANGTCA,46
ACCCCCTGGCTCTGGAAAGACCCTCANTGCTAGAGCTGTTGCTAATGAAACAGGTGCTTTCTTCTTTCTGATTAATGGCCCGGAGATTATGTCA,35
ACCCCCTGGCTCTGGAAAGACCCTCATTGCTAGAGCTGTTGCTAATGAAACAGGTGCTTTCTTCTTTCTGATTAATGGCCCGGAGATTATGNCA,33
ACCCCCTGGCTCTGGAAAGACCCTCATTGCTAGAGCTGTTGCTAATGAAACAGGTGCTTTCTTCTTTCTGATTAATGGCCCGGAGANTATNTCA,33
ACCCCCTGGCTCTGGAAAGACCCTCATTGCTAGAGCTGTTGCTAATGAAACAGGTGCTTTCTTCTTTCTGATTAATGGCCCGGAGATNATNTCA,25
ACCCCCTGGCTCTGGAAAGACCCTCATTGCTAGAGCTGTTGCTAATGAAACAGGTGCTTTCTTCTTTCTGATTAATGGCCCGGAGANNANGTCA,23
ACCCCCTGGCTCTGGAAAGACCCTCATTGCTAGAGCTGTTGCTAATGAAACAGGTGCTTTCTTCTTTCTGATTAATGGCCCGGAGATNANGTCA,19
NCCCCCTGGCTCTGGAAAGACCCTCATTGCTAGAGCTGTTGCTAATGAAACAGGTGCTTTCTTCTTTCTGATTAATGGCCCGGAGATTATGTCA,17
ACCCCCTGGCTCTGGAAAGACCCTCATTGCTAGAGCTGTTGCTAATGAAACAGGTGCTTTCTTCTTTCTGATTAANGGCCCGGAGATTATGTCA,16
ACCCCCNGGCTCTGGAAAGACCCTCATTGCTAGAGCTGTTGCTAATGAAACAGGTGCTTTCTTCTTTCTGATTAATGGCCCGGAGATTATGTCA,13
ACCCCCTGGCTCTGGAAAGACCCTCATTGCTAGAGCTGTTGCTAATGAAACAGGTGCTTTCTTCTNTCTGATTAATGGCCCGGAGATTATGTCA,12
ACCCCCTGGCTCTGGAAAGACCCTCATTGCTAGAGCTGTTGCTAATGAAACAGGTGCTTTCTTCTTTCTGATTAATGGCCCGGAGANNATNTCA,11
ACCCCCTGGCTCTGGAAAGACCCTCATTGCTAGAGCTGTTGCTAATGAAACAGGTGCTTTNTTCTTTCTGATTAATGGCCCGGAGATTATGTCA,11
ACCCCCTGGCTCTGGAAAGACCCTCATTGCTAGAGCTGTTGCTAATGAAACAGGTGCTTTCTTCTTTCTGATTAATGGCCCGGAGATTANNTCA,11
ACCCCCTGGCTCTGGAAAGACCCTCATTGCTAGAGCTGTTGCTAATGAAACAGGTGCTTTCTTCTTTCTGATTAATNGCCCGGAGATTATGTCA,10
ACCCCCTGGCTCTGGAAAGACCCTCATTGCTAGAGCTGTTGCTAATGAAACAGGTGCTTTCTTCTTTCTGATTAATGGCCCGGAGATNATGNCA,9
ACCCCCTGGCTCTGGAAAGACCCNCATTGCTAGAGCTGTTGCTAATGAAACAGGTGCTTTCTTCTTTCTGATTAATGGCCCGGAGATTATGTCA,8
ACCCCCTGGCTCTGGAAAGACCCTCATTGCTAGAGCTGTTGCTAATGAAACAGGTGCTTTCTTCTTTCTGATTAATGGCCCGGAGATTNTGTCA,8
ACCCCCTGGCTCTGGAAAGACCCTCATTGCTAGAGCTGTTGCTAATGAAACAGGTGCTTTCTNCTTTCTGATTAATGGCCCGGAGATTATGTCA,7
ACCCCCTGGCTCTGGAAAGACCCTCATTGCTAGAGCTGTTGCTAATGAAACAGGTGCTTTCTTCTTTCTGATTAATGGTCCGGAGATTATGTCA,7
ACCCCCTGGCTCTGGAAAGACCCTCATTGCTAGAGCTGTTGCTAATGAAACAGGTGCTTTCTTCTTTCTGATTAATGNCCCGGAGATTATGTCA,6
ACCCCCTGGCTCTGGAAAGACCCTCATTGCTAGAGCTGTTGCTAATGAAACAGGTGCTTTCTTCTTTCTGATTAATGGCCCGGAGANTATGNCA,6
ACCCCCTGGCTCTGGAAAGACCCTCATNGCTAGAGCTGTTGCTAATGAAACAGGTGCTTTCTTCTTTCTGATTAATGGCCCGGAGATTATGTCA,6
ACCCCCTNGCTCTGGAAAGACCCTCATTGCTAGAGCTGTTGCTAATGAAACAGGTGCTTTCTTCTTTCTGATTAATGGCCCGGAGATTATGTCA,6
ACCCCCTGGCTCTGGAAAGACCCTCATTGCTAGAGCTGTTGCTAATGAAACAGGTGCTTTCTTCTTTCTNATTAATGGCCCGGAGATTATGTCA,6
ACCCCCTGGCTCTGGAAAGACCCTCATTGCTAGAGCTGTTGCTAANGAAACAGGTGCTTTCTTCTTTCTGATTAATGGCCCGGAGATTATGTCA,6
ACCCCCTGGCTCTGGAAAGACCCTCATTGCTAGAGCTGTTGCTAATGAAACAGGTGCTTTCTTCTTTCTGATTAATGGCCCGGGCATTATGTCA,5
NCCCCCTGGCTCTGGAAAGACCCTCATTGCTAGAGCTGTTGCTAATGAAACAGGTGCTTTCTTCTTTCTGATTAATGGCCCGGAGANTATGTCA,5
ACCCCCTGGCTCTGGAAAGACCCTCATTGCTAGAGCTGTTGCTAATNAAACAGGTGCTTTCTTCTTTCTGATTAATGGCCCGGAGATTATGTCA,5
ACCCCCTGGCTCTGGAAAGACCCTCATTGCTAGAGCTGTTGCTAATGAAACAGGTGCTTTCTTCTTTCTGATTAATGGNCCGGAGATTATGTCA,5
ACCCCCTGGCTCTGGAAAGACCCTCATTGCTAGAGCTGTTGCTAATGAAACAGGTGCTTTCTTCTTTCTGATTAATGGCCCGGAGATNANNTCA,5
ACCCCCTGGCTCTGGAAAGACCCTCATTGCTAGAGCTGTTGCTAATGAAACAGGTGCTTTCTTCTTTCTGATTAATGACCCGGAGATTATGTCA,5
ACCCCCTGGCTCTGGAAAGACCCTCATTGCTAGAGCTGTTGCTAATGAAACAGGTGCTTTCTTCTTTCTGATTAATGGCCCGGAGANTANNTCA,5
ACCCCCTGGCTCTGGAAAGACCCTCATTNCTAGAGCTGTTGCTAATGAAACAGGTGCTTTCTTCTTTCTGATTAATGGCCCGGAGATTATGTCA,5
ACCCCCTGGCTCTGGAAAGACCCTCATTGCTAGAGCTGTTGCTAATGAAACAGGTGCTTTCTTCTTTCTGATTAATGGCCCGGAGANTNTGTCA,4
ACCCCCTGGCTCTGGAAAGACCCTCATTGCTAGAGCTGTTGNTAATGAAACAGGTGCTTTCTTCTTTCTGATTAATGGCCCGGAGATTATGTCA,4
ACCCCCTGGCTCTGGAAAGACCCTCATTGCTAGAGCTGTTGCTAATGAAACNGGTGCTTTCTTCTTTCTGATTAATGGCCCGGAGATTATGTCA,4
ACCCCCTGGCTCTGGAAAGACCCTCATTGCTAGAGCTGTTGCTAATGAAACAGGTGCTTTCTTCTTTCTGNTTAATGGCCCGGAGATTATGTCA,4
ACCCCCTGGCTCTGGAAAGACCCTCATTGCTAGAGCTGTTGCTAATGAAACAGGTGCTTTCTTNTTTCTGATTAATGGCCCGGAGATTATGTCA,4
NCCCCCTGGCTCTGGAAAGACCCTCATTGCTAGAGCTGTTGCTAATGAAACAGGTGCTTTCTTCTTTCTGATTAATGGCCCGGAGATNATGTCA,4
ACCCCCTGGCTCTGGAAAGACCCTCATTGCTAGAGCTGTTGCTAATGAAACANGTGCTTTCTTCTTTCTGATTAATGGCCCGGAGATTATGTCA,4
ACCCCCTGGCNCTGGAAAGACCCTCATTGCTAGAGCTGTTGCTAATGAAACAGGTGCTTTCTTCTTTCTGATTAATGGCCCGGAGATTATGTCA,4
ACCCCCTGGCTCTGGAAAGACCCTCATTGCTAGAGCTGTTGCTAATGAAACAGGTGCTTTCTTCTTTCTGATTAATGGCCCGGAGANNATGNCA,4
ACCCCCTGGCTCTGNAAAGACCCTCATTGCTAGAGCTGTTGCTAATGAAACAGGTGCTTTCTTCTTTCTGATTAATGGCCCGGAGATTATGTCA,3
ACCCCCTGGCTCTGGAAAGACCCTCATTGCTAGAGCTGTTGCTAATGAAACAGGTGCTTTCTTCTTTCTGATTAATGGCCCGGAGANTANGNCA,3
ACCCCCTGGCTCTGGAAAGACCCTCATTGCTAGAGCTGTTGCTAATGAAACAGGTGCTTTCNTCTTTCTGATTAATGGCCCGGAGATTATGTCA,3
ACCCCCTGGCNCTGGAAAGACCCTCATTGCTAGAGCTGTTGCTAATGAAACAGGTGCTTTCTTCTTTCTGATTAATGGCCCGGAGANTATGTCA,3
ACCCCCTGGCTCTGGAAAGACCCTCATTGCTAGAGCTGTTGCTAATGAAACAGGTGCTTTCTTCTTTCTGATTAATGGCCCGGAGATNNTGTCA,3
ACCCCCTGGCTCTGGAAAGACCCTCATTGCTAGAGCTGTTGCTAATGAAACAGGTGCTTTCTTCTTTCTGATTAATGGCCCGGAGANNNTGTCA,3
ACCCCCTGGCTCTGGAAAGACCCTCATTGCTAGAGCTGTTGCTAATGAAACAGGTGCTTTCTTCTTTCTGATTAATGGCCCGNAGATTATGTCA,3
ACCCCCTGGCTCTGGAAAGACCCTCATTGCTAGAGCTGTTGCTAATGAAACAGGTGCTTTCTTCTTTCTGATTAATGGCCCGGAGATTATNNCA,3
ACCCCCTGGCTCTGGAAAGACCCTCATTGCTAGAGCTGTTGCTAATGAAACAGGTGCTTTCTTCTTTCTGATTAATGGCCCNGAGATTATGTCA,3
ACCCCCTGGCTCTGGAAAGACCCTCATTGCTAGAGCTGTTGCTAATGAAACAGGTGCTTTCTTCTTTCTGATTAATGGCCCGGANATTATGTCA,3
ACCCCCTGGCTCTGGAAAGACNCTCATTGCTAGAGCTGTTGCTAATGAAACAGGTGCTTTCTTCTTTCTGATTAATGGCCCGGAGATTATGTCA,3
ACCCCCTGGCTCTGGAAAGACCCTCATTGCTAGAGCTGTTGCTAATGAAACAGGTGCTTTCTTCTTTCTGATTNATGGCCCGGAGATNATGTCA,2
ACCCCCTGGCTCTGGAAGGACCCTCATTGCTAGAGCTGTTGCTAATGAAACAGGTGCTTTCTTCTTTCTGATTAATGGCCCGGAGATTATGTCA,2
ACCCCCTGGCTCTGGAAAGACCCTCATTGCTAGAGCTGTTGCNAATGAAACAGGTGCTTTCTTCTTTCTGATTAATGGCCCGGAGATTATGTCA,2
ACCCCCTGGCTCTGGAAAGACCCTCATTGCTAGAGCTGTTGCTAATGAAACAGGTGCTTTCTTNTTTCTGATTAATGGCCCGGAGANNATGTCA,2
ACCCCCTGGCTCTGGAAAGACCCTCATTGCTAGAGCTGTTGCTAATGAAACAGGTGCTTTCTTCTTTCTGATTAATGGCCCGGAGANNANNTCA,2
ACCCCCTGGCTCTGGAAAGACCCTCATTGCTAGAGCTGTTGCTAATGAAACAGGTGCTTTCTTCTTTCTGATTAATGGCCCGGAGANTATGTCN,2
ACCCCCTGGCTCTGGAAAGNCCCTCATTGCTAGAGCTGTTGCTAATGAAACAGGTGCTTTCTTCTTTCTGATTAATGGCCCGGAGATNATGTCA,2
ACCCCCTGGCTCTGGAAAGACCCTCATTGCTAGAGCTGTTGCTAATGAAACAGGTGCTTTCTTCTTTNTGATTAATGGCCCGGAGANTATGTCA,2
ACCCCCTGGCTCTGGAAAGACCCTCATTGCTAGAGCTGTTGCTAATGAAACAGGTGCNTTCTTCTTTCTGATTAATGGCCCGGAGANTATGTCA,2
ACCCCCTGGCTCTGGAAAGACCCTCATTGCTAGAGCTGTTGCTAATGAAACAGGTGCTTTCTTCTTTCTGATTAATGGCCCGNAGANTATGTCA,2
ACCCCCTGGCTCTGGAAAGACCCTCNTTGCTAGAGCTGTTGCTAATGAAACAGGTGCTTTCTTCTTTCTGATTAATGGCCCGGAGATTATGTCA,2
ACCCACTGGCTCTGGAAAGACCCTCATTGCTAGAGCTGTTGCTAATGAAACAGGTGCTTTCTTCTTTCTGATTAATGGCCCGGAGATTATGTCA,2
ACCCCCTGGCTCTGGAAAGACCCTCATTGCTAGAGCTGTTGCTAATGAAACAGGTGCTTTCTTCTTTCTGATTAATGGCCCGGAGATTNTNTCA,2
ACCCCCTGGCTCTGGAAAGACCCTCATTGCTAGAGCTGTTGCTAATGAAACAGGTGCTTTCTTCTTTCTGATTAANGGCCCGGAGANNATGTCA,2
ACCCCCTGGCTCTGGAAAGACCCTCATTGCNAGAGCTGTTGCTAATGAAACAGGTGCTTTCTTCTTTCTGATTAATGGCCCGGAGATTATGTCA,2
ACCCCCTGGCTCTGGAAAGACCCTCATTGCTAGAGCTGTTGCTAATGAAACAGGNGCTTTCTTCTTTCTGATTAATGGCCCGGAGATTATGTCA,2
ACCCCCTGACTCTGGAAAGACCCTCATTGCTAGAGCTGTTGCTAATGAAACAGGTGCTTTCTTCTTTCTGATTAATGGCCCGGAGATTATGTCA,2
ACCCCCTGGCTCTGGAAAGACCCTCATTGTTAGAGCTGTTGCTAATGAAACAGGTGCTTTCTTCTTTCTGATTAATGGCCCGGAGATTATGTCA,2
GCCCCCTGGCTCTGGAAAGACCCTCATTGCTAGAGCTGTTGCTAATGAAACAGGTGCTTTCTTCTTTCTGATTAATGGCCCGGAGATTATGTCA,2
ACCCCCTGGCTCTGGAAAGACCCTCATTGCTAGAGCTGTTGCTAATGAAACAGGTGCTTTCTTCTTTNTGATTAATGGCCCGGAGATTANGTCA,2
ACCCCCTGGCTCTGGAAAGACCCTCATTGCTAGAGCTGTTGCTAATGAAACAGGTGCTTTCTTCTTTCTGATTAATGGCCCGGAGNTTATGTCA,2
ACCCCCTGGCTCTGGAAAGACCCTCATTGCTAGAGCTGTTGCTAATGAAACAGGTGCTTTCTTCTTTCTGATTAATGGCCCGGNGATTATGTCA,2
ACCCCCTGGCTCTGGAAAGACCCTCATTGCTAGAGCTGTTGCTAATGAAACAGGTGCTTTCTTCTTTCTCATTAATGGCCCGGAGATTATGTCA,2
ACCCCCTGGCTCTGGAAAGACCCTAATTGCTAGAGCTGTTGCTAATGAAACAGGTGCTTTCTTCTTTCTGATTAATGGCCCGGAGATTATGTCA,2
ACCCCCTGGCTCTGGAAAGACCCTCATTGCTAGAGCTGTTNCTAATGAAACAGGTGCTTTCTTCTTTCTGATTAATGGCCCGGAGATTATGTCA,2
ACCCCCTGGCTCTGGAAAGACCCTCATTGCTAGAGCTGTTGCTAATGAAACAGGTGCTTTCTTCTTTCTGATTAATGGCCCGGATATTATGTCA,2
ACCCCCTGGCTCTGGAAAGACCCNCATTGCTAGAGCTGTTGCTAATGAAACAGGTGCTTTCTTCTTTCTGATTAATGGCCCGGAGANTATGTCA,2
ACCCCCTGGCTCTGGAAAGACCCTCATTGCTAGAGCTGTTGCTAATGAAACAGGTGCTTTCTTCTTTCTGATTAATGGCCCGGANANTATGTCA,2
ACCCCCTGGCTCTGGAAAGACCCTCATTGCTAGAGCTGTTGNTAATNAAACAGGTGCTTTCTTCTTTCTGATTAATGGCCCGGAGATTATGTCA,2
ACCCCCTGGCTCTGGAAAGACCCTCATTGCTAGAGCTGTTGCTAATNAAACAGGTGCTTTCTTCTTTCTGATTAATNGCCCGGAGATTATGTCA,2
ACCCCCTGGCTCTGGAAAGACCCTCATTGCTAGAGCTGTTGCTAATGAAACAGGTGCTTTCTTCTTTCTGATTAATGGCCCGGAGANTATGTNA,2
ACCCCCTGGCTCTGGAAAGACCCTCATTGCTAGAGCTGTTGCTAATGAAACAGGTGCTTTCTTCTTTCTGATTAATGGCCCGGGGATTATGTCA,2
ACCCCCTGGCTCTGGAAAGACCCTCATTGCTAGAGCTGTTGCTAATGAAACAGGTGCTTTCTTCTTTCTGATTAATGGCCCGGAGATNATNNCA,2
ACCCCCTGGCTCTGGAAAGACCCTCATTGCTAGAGCTGNTGCTAATGAAACAGGTGCTTTCTTCTTTCTGATTAATGGCCCGGAGATTATGTCA,2
ACCCCCTGGCTCTGGAAAGACCCTCATTGCTAGAGCTGTTGCTAATGAAACAGGTGCTTTCTTCNTTCTGATTAATGGCCCGGAGATTATGTCA,2
ACCCCCTGGCTCTGGAAAGACCCTCATTGCTAGAGCTGTTGCTGATGAAACAGGTGCTTTCTTCTTTCTGATTAATGGCCCGGAGATTATGTCA,2
ACCCCCTGGCTCNGGAAAGACCCTCATTGCTAGAGCTGTTGCTAATGAAACAGGTGCTTTCTTCTTTCTGATTAATGGCCCGGAGATTATGTCA,2
ACCCCCTGGCTCTGGAAAGACCCTCATTGCTAGAGCTGTTGCTAATGAAACAGGTGCTTTCTTCTTTCTGATTAATGGCCCAGAGATTATGTCA,2
ACCCCCTGGCTCTGGAAAGACCCTCATTGCTAGAGCTGTNGCTAATGAAACAGGTGCTTTCTTCTTTCTGATTAATGGCCCGGAGATTATGTCA,2
ACCCCCTGGCTCTGGAAAGACCCTCATTGCTAGAGCTGTTGCTAATGAAACAGGTGCTTTCTTCTTTCTGATTAATGGCCCGGAGATTNTGTCN,2
ACCCCCTGGCTCTGGAAAGACCCTCATTGCTAGAGCTGTTGCTAATGAAACAGGTGCTTTCTTCTTTCTGATTAATGGCCCGGAGANNATGTCN,2
ACCCCCTGGCTCTGGAAAGACCCTCATTGCTAGAGCTGTTGCTAATGANACAGGTGCTTTCTTCTTTCTGATTAATGGCCCGGAGATTATGTCA,2
ACCCCCTGGCTCTGGAAAGACCCTCATTGCTAGAGCTGTTGCTAATGAAACAGGTGCTTTCTTCTTTCTGATTAATGGCCCGGAGATTATGTNA,2
ACCCCCTGGCTCTGGAAAGACCCTCATTGCTAGAGCTGTTGCTAATGAAACAGNTGCTTTCTTCTTTCTGATTAATGGCCCGGAGANTATGTCA,2
ACCCCCTGGCTCTGGAAAGACCCTCATTGCTANAGCTGTTGCTAATGAAACAGGTGCTTTCTTCTTTCTGATTAATGGCCCGGAGATTATGTCA,2
ACCCCCTGGCTCTGGAAAGACCCTCATTGCTAGAGCTGTTGCTAATGAAACAGGTGCTTTCTTCTTTCTGATNAATGGCCCGGAGATTATGTCA,2
ACCCCCTGGCTCTGGAAAGACCCTCATTGCTAGAGCTGTTGCTAATGAAACAGGTGCTTTCTTCTTTNTGATTAATGGCCCGGAGATTATGTCA,2
ACCCCCTGGCTCTGGAAAGACCCTCATTGCTAGAGCTGTTGCTAATGAAACAGGTGCTTTCTTCTTTCTGATTAATGGCCCGGAGATTATATCA,2
ACCCCCTGGCTCTGGAAAGACCCTCATTGCTAGAGCTGTTGCTAATGAAACAGGTGCTTTCTTCTTTCTGATTAATGGCCCGGAGATTANGNCA,2
ACCCCCTGGCNCTGGAAAGACCCTCATTGCTAGAGCTGTTGCTAATGAAACAGGTGCTTTCTTCTTTCTGATTAATGGCCCGGAGATNATGTCA,2
ACCCCCTGGCTCTGGAAAGACCCTCATTGCTAGAGCTGTTGCTAATGAAACAGGTGCTNTCTTCTTTCTGATTAATGGCCCGGAGATTATGTCA,2
ACCCCCTGGCTCTGGAAAGACCCTCATTGCTAGAGCNGTTGCTAATGAAACAGGTGCTTTCTTCTTTCTGATTAATGGCCCGGAGATTATGTCA,2
ACCCCCTGGCTCTGGAAAGACCCTCATTGCTAGAGCTGTTGCTAATGAAACAGGTGCTTTCTTCTTTCTGATTAATGGCCCGGAGATTANGTCN,2
ACCCCCTGGCTCNGGAAAGACCCTCATTGCTAGAGCTGTTGCTAATGAAACAGGTGCTTTCTTCTTTCTGATTAATGGCCCGGAGATNATGTCA,1
ACCCCCTGGCTCTGGAAAGACCCTCATTGCTAGAGCTGTTGCTAATGAAACAGGTGCTTTCTTCTTNCTGATTAATGGCCCGGAGATTATGTCA,1
ACCCCCTGGCTCTGGAAAGACCCTCATTGCTAGAGCTGTTGCTAATGAAACAGGTGCTTTCTTCTTTCTGATTNATGGCCCGGAGATTATGTCA,1
ACCNCCTGGCTCTGGAAAGACCCTCATTGCTAGAGCTGTTGCTAATGAAACAGGTGCTTTCTTNTTTCTGATTAATNGNCNGGANATNATGNCA,1
ACCCCCTGGCTCTGGAAAGACCCTCATTGCTAGAGCTGTTGCTAANGAAACAGGTGCTTTCTTCTTTCTGATTAATGGCCCGGAGATNATGTCA,1
ACCCCCTGGCTCTGGAAAGACCCTCATTGCTAGAGCTGTTGCTAATGAAANAGGTGCTTTCTTCTTTCTGATTAATGGCCNGGAGATTATGTCA,1
ACCCCCTGGCTCTGGAAAGACCCTCATNGCTAGAGCTGTTGCTAATGAAACAGGTGCTTTCTTCTTTCTGATTAATGGCCCGGAGANTNTGTCA,1
ACCCCCTGGCTCTGGAAAGACCCTCATTGCTAGAGCTGTTGCTAATGAAACAGGTGCNTTCTTCTTTCTGATTAATGGCCCGGAGATTATGTCA,1
NCCCCCTGGCTCTGGAAAGACCCTCATTGCTAGAGCTGTTGCTAATGAANCAGGTGCTTTCTTCTTTCTGATTAATGGCCCGGAGANTATGTCA,1
ACCCCCNGGCTCTGGAAAGACCCTCATTGCTAGAGCTGTTGCTAATGAAACAGGTGCTTTCTTCTTTCTGATTAATGGCCCGGAGATNATNNCA,1
ACCCCCTGGCCCTGGAAAGACCCTCATTGCTAGAGCTGTTGCTAATGAAACAGGTGCTTTCTTCTTTCTGATTAATGGCCCGGAGATTATGTCA,1
ACCCCCTGGCTCTGGAAAGACCCTCATTGCTAGAGCTGTTGCTAATGAAACAGGTGCTTTCTTCTTTCTGATTAATGGCCCGGAGANTACGTCA,1
ACCCCCTGGCTCTGGAAAGACCCTCATTGCTAGAGCTGTTGCTAATGAAACAGGTNCTTTCTTCTTTCTGATTAATGGCCCGGAGANNATGTCA,1
ACCCCCTGGCTCTGGAAAGNCCCTCATTGCTAGAGCTGTTGCTAATGAAACAGGTGCTTTCTTCTTTCTGATTANTGGCCCGGAGATNATNTCA,1
ACCCCCTGGCTCTGGAAAGACCCTCANTGCNAGAGCTGTTGCTAATGAAACAGGTGCTTTCTTCTTTCTGATTAATGGCCCGGAGATTATGTCA,1
ACCCCCTGGCTCTGGAAAGACCCTCATTGCTAGAGCTGTTGCTAATGAAACAGGTGCTTTCTTCTTTCTCANTAATGGCCCGGAGATTATGTCA,1
ACCCCCTGGCTCTGGAAAGACCCTCATTGCTAGAGCTGTTGCTAATNAAACAGGTGCTTTCTTCTTTCTGATTAATGGCCCGGAGATNATGTCA,1
ACCCCCTGGCTCTGGAAAGACCCTCATTGCTAGAGCNGTTGCTAATGAAACAGGTGCTTTCTTCTTTCTGATTAATGGCCCGGAGANTATGTCA,1
ACCCCCTGGCTCTGGAAAGACCCTCATTGCTAGAGCTGTTGCTAATGAAACAGGTGCTTTCTTCTTTNTGATTAATGGCCCGGAGATTATNTCA,1
ACCCCCTGGCTCTGGAAAGACCCTCATTGCTAGAGCTGTTGCTAATGAAACAGGTGNTTTCTTCTTTCTGATTAATGGCCCGGAGATTATNTCA,1
ACCCCCTGGCTCTGGAAAGACCCTCATTGCTAGAGCTGTTGNTAATGAAACAGGTGCTNTCTTCTTTCTGATTAATGGCCCGNAGANTATGTCA,1
ACCCCCTGGCTCTGGAAAGACCCTCATTGCTAGAGNTGTTGCTAATGNAANAGGTGCTTTCTTCTTTCTGATTAATGGCCCGGAGANNATNTCA,1
ACCCCCTGGCTCTGGAAAGACCCTCATTGCTAGAGCTGTTGCTAANGAAACAGGTGCTTTCTTCTTTCTGATTAATGGCCCGGAGANTATGTCA,1
ACCCCCTGGCTCTGGAAAGACCCTCATTGCTAGAGCTGTTGCTAATGAAACAGGTGCTTTCTTNTTTCTGATTAANGGCCCGGAGATTATGTCA,1
ACCCCCTGGCTCTGGAAAGACCCTCATTGCTAGAGCTGTTGCTAATGAAACAGGTGCTTTCTTCTTTCTGATTAATGGCCCGGAGANTNNGNCA,1
ACCCCCTGGCTCTGGAAAGACCCTCATTGCTAGAGCTGTTGCTAATGAAACAGGTGCTTTCTTCTTTCTGATTAATGGCCCGGANATNATNTCA,1
ACCCCCTGGCTCTGGAAAGACCCTCANTGCTAGAGCTGTTGCTAATGAAACAGGTGCTTTCTTCTTTCTGATTAATGGCCCGGAGANNATGTCA,1
ACCCCCTGGCTCTGGAAAGACCCTCATTGCTAGAGCTGTTGCTAATGAAACAGGTGCTTTCTTCTTTCTGATTAATTGCACGGAGATTATGTCA,1
ACCCCCTGGCNCTGGAAAGACCCTCATTGCTAGAGCTGTTGCTAATGAAACAGGTGCTTTCTTCTTTCTGATTAATGGCCCGGAGANTATNTCA,1
ACCCCCTGGCTCTGGAAAGACNCTCATTGCTAGAGCTGTTGCTAATGAAACAGGTGCTTTCTTCTTTCTGATTAATGGCCCGGAGATTANGTCA,1
ACCCCCTGGCTCTGGAAAGACCCTCATTGCTNGAGCTGTTGCTAATGAAACAGGTGCTTTCTTCTTTCTGATTAATGGCCCGGAGANTATGTCA,1
ACCCCCTGGCTCTGGAAAGACCCTCATTGCTAGANCTGTTGCTAATGAAACAGGTGCTTTCTTCTTTCTGATTAANGGCCCGGANATNATGTCA,1
ACCCCCTGGCTCTGGAAAGACCCTCATTGCTAGAGCTGTTGCTAATGAAACAGGTGCTTTCTTCTTTCTGANTAATGGCCCGGAGANTATGTCA,1
ACCCCCTGGCTCTGGAAAGACCCTCATTGCTAGAGCTGTTGCTAATGAAANAGGTGNTTTCTTCTTTCTGATTAATGGCCCGGAGATTATGTCA,1
ACCCCNTGGCTCTGGAAAGACCCTCATTGCTAGAGCTGTTGCTAATGAAACAGGTGCTTTCTTCTTTCTGATTAATGGCCCGGAGATTATGTCA,1
ACCCCCTGGCTCTGGAAAGACCCTNATTGCTAGAGCTNTTGCTAATGAAACAGGTGCTTTCTTCTTTCTNATTAATGGCCCGGAGATTATGTCA,1
ACCCCCTGGCTNTGGAAAGACCCTCATTGCTAGAGCTGTTGCTAATGAAACAGGTGCTTTCTTCTTTCTGATTAATGGCCCGGAGATTATGTCA,1
ACCCCCTGGCTCTGNAAAGACCCTCATTGCTAGAGCTGTTGCTAATGAAANAGGTGCTTTCTTCTTTCTGATTAATNGCCCGGAGATTATGTCA,1
ACCCCCTGGCTCTGGAAAGACCCTCATTGCTAGAGCTGTTGCTAATGAAACAGGTGCTTTCTTCTTTNTGATTAATGGCCCGGAGANTATNNCA,1
ACCCCCTGGCTCTGGAAAGACCCTCATTNCTAGAGCTGTTGCTAATGAAACAGGTGCTTTCTTCTTTCTGATTAATGGCCCGGAGANTATGTCA,1
ACCCCCTGGCTCTGGAAAGACCCTCATTGNTAGAGCTGTTGCTAATNAAACAGGTNCTTTCTTCTTTCTGATTAATGGCCCNGAGANNATGTCA,1
ACCCCCTGNNTCTGGAAAGACCCTCATTGCTAGAGCTGTTGCTAATGAAACAGGTGCTTTCTTCTTTCTGATTAATGGCCCGGAGATTATGTCA,1
ACCCCCTGGCTCTNGAAAGACCCTCATTGCTAGAGCTGTTGCTAATGAAACAGGTGCTTTCTTCTTTCTGATTAATGGCCCNGAGANTATGTCA,1
ACCCCCTGGCTCTGGAAAGACCCTCATTGCTAGANCTGTTGCTAATGAAACAGGTGCTTTCTTCTTTCTGATTAATGGCCCGGAGATNATGTCA,1
ACCCCCTGGCTCTGGAAAGACCCTCATTGCTAGAGCTGTTGCTAATGAAACAGGTGCTTTNTTCTTTCTGATTANTGGCCCGGAGATTATGTCA,1
ACCCCCTGGCTCTGGAAAGACACTCATTGCTAGAGCTGTTGCTAATGAAACAGGTGCTTTCTTCTTTCTGATTAATGGCCCGGAGATTATGTCA,1
ACCCCCTGGCTCTGGAAAGACCCTCATTGCTAGNGCTGTTGCTAATGAAACAGGTGCTTTCTTCTTTCTGATTAATGGCCCGGAGATTANGNCA,1
ACCCCCTGGCTCTGGAAAGACCCTCATTGCTAGAGCTGTTGCTAANGAAACAGGTGCTTTCTTCTTTCTGATTAATGGCCCGGAGATTATNTCA,1
ACCCCCTGGCTCTGGAAAGACCCTCATTGCTAGAGCTGNTGCTAATGAAACAGGTGCTTTCTTCTTTCTGATTAATGGCCCGGAGANNATGTCA,1
ACCCCCTGGCTCTGGAAAGACCCTCATTGCTAGAGCTGTTGCTAATGAAACAGGTGCTTTCTTCTTTCTGATTAATGGCCCGGAGANTATGTTA,1
ACCCCCTGGCNCTGGAAAGACCCTCATTGCTAGAGCTGTTGCTAATGAAACAGGTGCTTTCTTCTTTCTGATTAATGGCCCGGAGANNATGTCA,1
ACCCCCTGGCTCTGGAAAGACCCTCATTGCTAGAGCTGTTGCTAATGAAACAGGTGCTTTCTTCTTTCTGATTGATGGCCCGGAGATTATGTCA,1
ACCCCCTGGCTCTGGAAAGACCCTCATTGCTAGAGCTGTTNCTAATGAAACAGGTGCTTTCTTCTTTCTGATTAATGGCCCGGAGATNATGTCA,1
ACCCCCTGGCTCTGGAAAGACCCTCATTGCTAGAGCTGTTGCTAATGAAACAGGTGCTTTCTTCTTTCTGATTNATGGCCCGGAGATTATGNCA,1
ACCCCCTGGCTCTGGAAAGACCCTCATTNCTAGAGCTGTTGCTAATGAAACAGGTGCTTTCTTCTTTCTGATTAATGGCCCGGANATNATNTCA,1
ACCCCCTGGCTCTGGAAAGACCCTCATTGCTAGAGCTGTTGNTAATGAAACANGTGCTTTCTTCTTTCTGATNAATGGCCNGGAGATTATGTCA,1
ACCCCCTGGCTCTGGAAAGACCCTCATTGCTAGAGCTGTTGCTAATNAAACAGGTGCTTTCTTCTTTCTGATTAATGGCCCGGANATNATATCA,1
ACCCCCTGGCTCTGGAAAGACCCTCATTGCNAGAGCTGTTGCTAATGAAACAGGTGCTTTCTTCTTTCTGATTAATGGCCCGGAGANTATGTCA,1
ACCCCCNGGCNCTGGAAAGACCCTCATTGCTAGAGCTGTTGCTAATGAAACAGGTGCTTTCTTCTTTCTGATTAATGGCCCGGAGATTATGTCA,1
ACNCCCTGGCTCTGGAAAGACCCTCATTGCTAGAGCTNTTGCTAATGAAANAGGTGCTTTCTTCTTTCTNATTAATNGCCCGGAGATTATGTNA,1
ACCCCCTGGCTCTGNAAAGACCCTCATTGCTAGAGCTGTTGCTAATGAAACAGGTGCTTTNTTCTTTCTGATTAATGGCCCGGAGATNATGTCA,1
ACCCCCTGGCTCTGGAAAGACCCTCANTGCTAGAGCTGTTGCTAATGAAACAGGTGCTTTCTTCTTTCTGATTAATGGCCCGGAGANTATGTCA,1
ACCCCCTGGCTCTGGAAAGACCCTCATTGCTAGAGCTGTTGCTAATGAAACANGTGCTTTCTTCTTTCTGATTAATGGCCCGGAGATTATNTCA,1
ACCCCCTGGCTCTGGAAAGACCCTCATTGCTAGAGCTGTTGCTAATGAAACAGGTGCTTTCTTCTTTCTGATTAATGGCCCGGAGANCATGTCA,1
ACCCCCTNGCTCTGGAAAGACCCTCATTGCTAGAGCTGTTGCTAATGAAACAGGTGCTTTCTTCTTTCTGATTAATGGCCCGGAGATTANNTCN,1
ACCACCTGGCTCTGGAAAGACCCTCATTGCTAGAGCTGTTGCTAATGAAACAGGTGCTTTCTTCTNTCTGATTAATGGCCCGGAGATTATGTCA,1
ACCCCCTGGNTCTGGAAAGACCCTCATTGCTAGAGCTGTTGCTAATGAAACAGGTGCTTTCTTCTTTCTGATTAATGGCCCGGAGANTATGTCA,1
ACCCCCTGGCTCTGGAAANACCCTCATTGCTAGAGCTGTTGCTAATGAAACAGGTGCTTTCTTCTTTCTGATTAATGGCCCGGAGANNATGTCA,1
ACCCCCTGGCTCTGGAAAGACCCTCATTGCTAGAGCTGTTGCTAATGAAACAGGTGCTTTCTTCTTTCTGATTANTGGCCCGGAGATTATGTCA,1
ACCCCCTGGCTCTGGAAAGACCCTCATTGCTAGAGCTGTTGCTAATGAAACAGGTGCTTTCTTCTTTCCGATTAATGGCCCGGAGATTATNTCA,1
ACCCCCTGGCTCTNGAAAGACCCTCATTGCTAGAGCTGTTGCTAATGAAACAGGTGCTTTCTTCTTTCTGATTAATGGCCCGGAGATTATGTCA,1
ACCCCCTGGCTCTGGAAAGACCCTCATTGCTAGAGCTGTTGCTAATGAAACAGGTGCTTTCTTNTTTCTGATTAATGGCCCGGANATTATGTCA,1
ACCCCCTGGCTCTGGAAAGACACTCATTGCTAGAGCTGTTGCTAATGAAACAGGTGCTTTCTTCTTTCTGATTAATGGCCCGGAGATTATNTCA,1
ACCCCCTGGCTCTGGAAAGACCCTCATTGCTAGAGCTGTTGCTAATGAAACAGGTGCTTTCTTCTTTCTGATTAATGGCCCGGAGATTANNNCA,1
ACACCCTGGCTCTGGAAAGACCCTCATTGCTAGAGATGTTGCTAATGAAACAGGTGCTTTCTTCTTTCTGATTAATGGCCCGGAGATTATGTCA,1
ACCCCCTGGCTCTGGAAAGACCCTCATTGCTAGAGCTGTTGCTAATGAAACAGNTGCTTTCTTCTTTCTGATTAATGGCCCGGAGATTATGTCA,1
ACCCCCTGGCTCTGGAAAGACCCTCATTGCTAGAGCTGTTGCTAATGAAACAGGTGCTTTCTTCTTTCTGATTAATGGCCCGGAGNTNATGTCA,1
NCCCCCTGGCTCTGGAAAGACCCTCATTGCTAGAGCTGTTGCTAATGAAACANGTGCTTTCTTCTTTCTGATTAATGGCCCGGAGATTATGTCN,1
ACCCCCTGGCTCTGGAAAGACCCTCATTGCTAGAGCTGTCGCTAATGAAACAGGTGCTTTCTTCTTTCTGATTAATGGCCCGGAGANTATGTCA,1
ACCCACTGGCTCTGGAAAGACCCTCATTGCTAGAGCTGTTGCTAATGAAACAGGTGCTTTCTTCTTTCTGATTAATGGCCCGGAGANTATGTCA,1
ACCCCCTGGCTNTGGAAAGACCCTCATTGNTAGAGCTGTTGCTAATGAAACAGGTGCTTTCTTCTTTCTGATTAATGGCCCGGAGANTATGTCA,1
ACCCCCTGGCTCTGGAAAGACCCTCATTGCTAGAGCTGTTGCTAATNAAACAGGTGCTTTCTTCTTTCTGNTTAATGGCCCGGAGATTATGTCA,1
ACCCCCTGGCTCTGGAAAGACCCTCATTGCTAGAGCTGTTGNTAATGAAANAGGTGCTTTCTTCTTTCTGATTAATGGCCCGGAGATTATGTCA,1
ACCCCCTGGCTCTGGAAAGACCCTCATTGCTAGAGCTGTTGCTAATGAAACAGGTGCTTTCTTCTTTCTGATTAATGGCCCGGAGANTNNGTCA,1
ACCCCCTGGCTCTGGAAAGACCCTNATTGCTAGAGCTGTTGCTAATGAAACAGGTGCTTTCTTCTTTCTGATTAATGGCCCGGAGATTATGTCA,1
ACCCCCTGGCTCTGGAAAGACCCTCATTGCTAGAGCTGTTGCTAATGAAACAGGTGCTTTCTTCTTTCTGATTANTGNCCCGGAGATTATGTCA,1
ACCCCCTGGCTCTGGAAAGACCCTCATTGCTAGAGCTGTTGCTAATGAAACAGGTGCTTTNTTCTTTCTGATTAATGGCCCGGAGANTATGTCA,1
ACCCCCTGGCTCTGGAAAGACCCTCATTGCTAGAGCTGTTGCTAANGAAACAGGTGCTTTCTTCTTTCTGATNAATGGCCCGGAGATTATGTCA,1
ACCCCCTGGCTCTGGAAAGACCCTCATTGCTGGAGCTGTTGCTAATGAAACAGGTGCTTTCTTCTTTCTGATTAATGGCCCGGAGATTATGTCA,1
ACCCCCTGGCTCTGGAAAGACCCTCATTGCTAGAGCTGTTGCTAATGAAACAGGTGCTTTCTTCTTTCTGATTAATGGCCCGGAGANTGTGTCA,1
ACCCCCNGGCTCTGGAAAGACCCTCATTGCTAGAGCTGTTGCTAATGAAACAGGTGCTTTCTTCTTTCTGATTAATGGCCCGGAGANTATGTCA,1
ACCCCCTGGCTCTGGAAAGACCCTCATTGCTAGNGCTGTTGCTAATGAAACAGGTGCTTTCTTCTTTCTGATTAATGGCCCGGAGATTATGTCA,1
ACCCCCTGGCTCTGGAAAGACCCTCATTGCTAGAACTGTTGCTAATGAAACAGGTGCTTTCTTCTTTCTGATTAATGGCCCGGAGATTATGTCA,1
ACCCCCTGGCTCTGGAAAGACCCTCATTGCTAGAGCTGTTGCTAATGAAANAGGTGCTTTCTTCTTTCTGATTAATGGCCCGGAGATTATGTCA,1
ACCCCCTGGCTCTGGAAAGACCCTCATTGCTAGAGCTGTTGCTAATGAAACAGGTGCTTTCTTCTTTCTGATTANTGGCCCGGAGATNATNTCA,1
ACCCNCTGGCTCTGGAAAGACCCTCATTGCTAGAGCTGTTGCTAATGAAACAGGTGCTTTNTTCTTTNTGATTAATGGCCCGGAGATNATGTCA,1
ACCCCCTGGCTCTGGAAAGACCCTCATTGCTAGAGCTGTTGCTAATGAAACAGGTGCTTTCTTCTTTCTGATTAATGGCCCGGANATTATNTCA,1
ACCCCCTNGCTCTGGAAAGACCCTCATTGCTAGAGCTGTTGCTAATGAAACAGGTGCTTTCTTCTTTCTGATTAATGGCCCGGAGATNATGTCA,1
ACCCCCTGGCNCTGGAAAGACCCTCATTGCTAGAGCTGTTGCTAATGAAACAGGTGNTTTCTTCTTTCTGATTAATGGCCCGGAGATNATGTCA,1
ACCCCCTGGCTCTGGAAAGACCCNCATTGCTAGAGCTGTTGCTAATGAAACAGGTGCTTTCTTCTTTCTGATTAATGGCCCGGAGATNATGTCA,1
ACCCCCTGGCTCTGGAAAGACCCTCATTGCTAGAGCTGTTGCTAATGAAACAGGTGCTTTCTTCTTTCTGATTAANGGCCCGGAGANTATGTCA,1
ACCCCCTGGCTCTGGAAAGACCCTCATTGCTAGAGCTGTTGCTAATGAAACAGGTGCTTTCTTCTTTCTGATTAATGGCCCGGAAATTATGTCA,1
ACCCCCTGGCTCTGGAAAGACCCTCATTGCTAGAGCTNTTGCTAATGAAACAGGTGCTTTCTTCTTTCTGATTAATGGCCCGGAGATTATGTCA,1
ACCCCCTGGCTCTGNAAAGACCCTCATTGCTAGAGCTGTTGCTAATGAAACAGGTGCTTTCTTCTTTCTGATTAATGGCCCGGAGANTATNTCA,1
ACCCCCTGGCTCTGGAAAGACTCTCATTGCTAGAGCTGTTGNTAATGAAACAGGTGNTTTCTTCTTTCTGATTAATGGCCCGGAGATTATGTCA,1
ACCCCCTGGCTCTGGAAAGACCCTCATTGCTAGAGCTGTTGCTAATNAAACAGGTGCTTTCTTCTTTCTGATTAATGNCCCGGAGATTATGTCA,1
ACCACCTGGCTCTGGAAAGACCCTCATTGCTAGAGCTGTTGCTAATGAAACAGGTGCTTTCTTCTTTCTGATTAATGGCCCGGAGATTATNTCA,1
ACCCCCTGGCTCTGGAAAGACCCTCATTNCTAGANCTGTTGCTAATGNAACAGGTGCTTTCTTCTTTCTGATTAATGGCCCGGAGATTATGTCA,1
ACCCCCTGGCTCTGGAAAGACCCTCATTGCTAGAGCTGTTGCTAATGAAACAGGTGCTTTCTTCTTTNTGATTAATGGCCCGGAGATNATGTCA,1
ACCCCCTGGCTCTGGAAAGACCCTCATTGCTAGAGCTGTTGCTAANGAAACAGGTGCTTTCTTCTTTCTGATTAATGGCCCGGAGATTNNGTCA,1
ACCCCCTGGCTCTGGAAAGACCCTCATTGCTAGAGCTGTTGCTAATGAAACAGGTGCTTTCTTCTTTCTGATTAATGGCCCGGAGANTATNTCN,1
ACCCCCTGGATCTGGAAAGACCCTCATTGCTAGAGCTGTTGCTAATGAAACAGGTGCTTTCTTCTTTCTGNTTAATGGCCCGGAGANTATGTCA,1
ACCCCCTGGCTCTGGAAAGACCCTCATTGCTAGAGCTGTTGCTAATGAAACAGGTGCTTTCTTCTTTCTAATTAATGGCCCGGAGATTATGTCA,1
ACCCCCTGGCTCTGGAAAGACCCTCATTGCTAGAGCTGTTGCTAATGAAACAGGTGCTTTCTTCTTTCTGATTGATGGCCCGGAGANTATGTCA,1
ACCCCCTGGCTCTGGAAAGACCCTCATTGCTAGAGCTGTTGCTAATGAAACGGGTGCTTTCTTCTTTCTGATTAATGGCCCGGAGATTATGTCA,1
ACCCCCTGGCTCTGGAAAGACNCTCATTGCTAGAGCTGTTGCTAATGAAACAGGTGCTTTCTTNTTTCTGATTAATGGCCCGGAGATTATGTCA,1
ACCCCCTGGCTCTGGAAAGACCCTCATTGCTAGAGCTGTTGCTAATGAAACAGGTGCTTTCTTCTTTNTGATTAATGGCCCGGAGANNATGTCA,1
ACCCCCTGGCNCTGGAAAGANCCTCATTNCTAGAGCTGTTGCTAATGAAACAGGTGCTTTCTTNTTTCTGATTAATGGCCCGGAGATTATGTCA,1
ACCCCCTGGCTCTGGAAANACCCTCATTGCTAGAGCTGTTGCTAATGAAACAGGTGCTTTCTTCTTTCTGNTTAATGGCCCGGAGATTATGTCA,1
ACCCCCTGGCTCTGGAAAGACCCTCATTGCTAGAGCTGTTGCTAATGAAACAGGTGCTTTNTTCTTTCTGATTAATGGCCCGGAGATNATGTCA,1
ACCCCCTGGCTCTGGAAAGACCCTCATTGCTAGAGCTGTTGCNAATGAAACAGGTGCTTTCTTCTTTCTGATTAATGGCCCGGAGANTATGTCA,1
ACCCCCTGGCTCTGGAAAGACCCTCATTGCTAGAGCTGTTGCTAATGAAACAGGTGCTTTCTTCTTTCTGATTAATGGCCCGGAGATTATGACA,1
ACCCCCTGGCTCTNGAAAGACCCTCATTGCTAGAGCTGTTGCTAATGAAACAGGTGCTTTCTTCTTTCTGATTAATNGCCCGGAGATTATGTCA,1
ACCCCCTGGCTCTGGAAAGACCCTCATTGCTAGAGCTGTTGCTAATGAAACAGGTGCTTTCTTCTTTCTGATTAATGGCCCGGAGANTATTTCA,1
ACCCCCTGGCTCTGGAAAGACCCTCATTGCTAGAGCTGTTGCTAATGAAACAAGTGCTTTCTTCTTTCTGATTAATGGCCCGGAGATTATGTCA,1
ACCCCCTGGCTCTGGAAAGACCCTCATNGCTAGAGCTGTTGCTAATGAAACAGGTGCTTTCTTCTTTCTGATTAATGGCCCGGAGANTATGTCA,1
ACCCCCTGGCTCTGGAAAGACCCTCATTGCTAGAGCTGTTGCTAATGAAACAGGTGCTTTCTTATTTCTGATTAATGGCCCGGAGATTATGTCA,1
ACCCCCTGGCTCTGGAAAGACCCTCATTNCTAGAGNTGTTGCTAATGAAACAGGTGCTTTCTTCTTTCTGATTAATGGCCCGGAGATTATGTCA,1
ACCCCCTGGCTCTGGANAGACCCTCATTGCTAGAGCTGTTGCTAATGAAACAGGTGCTTTCTTCTTTCTGATTAATGGCCCGGAGATTATGTCA,1
ACCCCCTGGCTCTGGAAAGACCCTCATTGCTAGAGCTGTTGCTAATGAAACAGGTGCNTTCTTCTTTCTGATTAATGGCCCGGAGANNATNTCA,1
ACCCCCTGGCTCTGGAAAGACCCTCANTGCTAGAGCTGTTGCTAATGAAACAGGTGCTTTCTTCTTTCTGATTAATGGCCCGGAGATTATGTCN,1
ACCCCCTGGCTCTGGAAAGACCCTCATTGCTAGAGCTGTTGCTAATNAAACAGGTGCTTTNTTCTTTCTGATTAATGGCCCGGANATNATGTCA,1
ACCCCCTGGCTCTGGAAAGACCCTCATTGCTAGAGCTGTTGCTANTGAAACAGGTGCTTTCTTCTTTCTGATTAATGGCCCGGAGATTATGTCA,1
ACCCCCTGGCTCTGGAAANACCCNCATTGCTAGAGCTGTTGCTAATGAAACAGGTGCTTTCTTCTTTCTGATTAATGGCCCGGAGATTATGTCA,1
ACCCCCTGGCTCTGNAAAGACCCTCATTGCTAGAGCTGTTNCTAATGAAACAGGTGCTTTCTTCTTTCTGATTAATGNCCCGGAGATTATGTCA,1
ACCCCCTGGCTCTGGAAAGACCCTCATTGCTAGAGCTGTTGCTAATGAAACAGGTGCTTTCTTCTTTCTGATTAANTGCACGGAGATTATGTCA,1
ACCCCCTGGCTCTGGAAAGACCCTCATTGCTAGAGCTGTTGCTAATGAAACAGGTGCTTTCTNCTTTCTGATTAATGGCCCGGAGANTATGTCA,1
ACCCCCTGGCTCTGGAAAGACCCTCATTGCTAGAGCTGTTGCTAATGAAACAGGTGCTTTCTTCTTTCTGATTAATGGCCCGGAGGTTATGTCA,1
ACCCCCTGGCTCTGGAAAGACCCTCATTGCNAGAGCTGTTGCTAATGAAACAGGTGCTTTCTTCTTTCTGATTAATGGCCCGGAGATNATGNCA,1
ACCCCCTGGCTCTGGAAAGACCCTCATTGCTAGAGCTGTTGNTAATGAAACAGGTGCTTTCTTCTTTCTGATTAATGGCCCGGAGANTATGTCA,1
ACCCCCTGGCTCTGGAAAGACCCTCATTGCTAGAGCTGTTGCTAATGAAACAGGTGCTTTCTTNNTTCTGATTAATGGCCCGGAGATTATGTCA,1
ACCCCCTGGCTCTGGAAAGACCCTCATTGCTAGAGCTGTTGCTAATGAAACAGGTGCTTTCTTCTTTCTGATTAATGGCCCGGAGATNATGTCG,1
ACCCCCTGACTCTGGAAAGACCCTCATTGNTAGAGCTGTTGCTAATGAAACAGGTGCTTTCTTCTTTCTGATTAATGGCCCGGAGATTATGTCA,1
AACCCCTGGCTCTGGAAAGACCCTCATTGCTAGAGCTGTTGCTAATGAAACAGGTGCTTTCTTCTTTCTGATTAATGGCCCGGAGATTATGTCA,1
ACCCCCTGGCNCTGGAAAGACCCTCATTGCTAGAGCTGTTGCTAATGAAACAGGTGCTTTNTTCTTTCTGATTAATGGCCCGGAGATNATGTCA,1
ACCCCCTGGCTCTGGAAAGACCCTCATTGCTAGAGCTGTTGCTAATGAAACANGTGCTTTCTTCTTTCTGATTAATGGCCCGGAGANTATGTCA,1
ACCCCCTGGCTCTGGAAAGACCCTCANTGCTAGAGCTGTTGCTNATGAAACAGGTGCTTTCTTCTTTCTGATTAATGGCCCGGAGATTATGTCA,1
ACCCCCTGGCTCTGGAAAGACCCTCATTGCTAGAGCTGTTGCTAATGAAACAGGTGCTTTCTTCTTTCTGATTAATGGCCCGGNGATNANNTCN,1
ACCCCCTGGCTCTGGAAAGACCCTCATTGCTAGAGCTGTTGCTAATGANACAGGTGCTTTCTTCTTTCTGATTAATGGCCCGGAGANTATGTCA,1
NCCCCCTGGCTCTGGAAAGACCCTCATTGCTAGAGCTGTTGCTAATGAAACAGGTGCTTTCTTCTTTCTGATTAATGGCCCGGAGATTATGTCN,1
ACCCCCTGNCTCTGGAAAGACCCTCATTGCTAGAGCTGTTGCTAATGAAACAGGTGCTTTCTTCTTTCTGATTAATGGCCCGGAGANTATNTCA,1
ACCCCCTGGCTCTGGAAAGACCCTCATTGCTAGAGNTGTTGCTAATGAAACAGGTGCTTTCTTCTTTCTGATTAATGGCCCGGAGATTATGTCA,1
NCCCCCTGGCTCTGGAAAGACCCTCATTGCTAGAGCTGTTGCTAATGAAACAGGTGCTTTCTTCTTTCTGATTAATGGCCCGGAGANTATNTCA,1
ACCCCCTGGCTCTGGAAAGACCCTNATTGCTAGAGCTGTTGCTAATGAAACAGGTGCTTTCTTCNTTCTGATTAATGGCCCGGAGATTATGTCA,1
ACCCCCTGGCTCTGGAAANACCCTCATTGCTAGAGCTGTTGCTAATGAAACAGGTGCTTTCTTCTTTCTGATTAATGGCCCGGAGATTATGTCA,1
ACCCCCTGGCTCTGGAAAGACCCTCATTGCTAGAGCTGTTGCTAATGAAACAGGNGCTTTCTTCTTTCTGATTAATGGCCCGGAGANNATGTCA,1
ACCCCCTGGCTCTGGAAAGACCCTCATTGCTAGAGCTGTTGCTAATGAAACAGGTGCTTTCTTCTTTCTGATTAATGGCNCGGAGANNATGTCA,1
ACCCCCTGGCTCTGGAAAGACCCTCATNGCTAGAGCTGTTGCTAATGAAACAGGTGCTTTCTTCTTTCTGATTAATGGCCCGGAGATNATGTCA,1
ACCCCCTGGCTCTGGAAAGACCCTCATTGCTAGAGCTGTTGCTAATGAAACAGGTGCTTTCTTCTTTCNGATTAATGGCCCGGAGANTATGNCA,1
ACCCCCTGGCTCTGGAAAGACCCTCATTGCTAGAGCTGTTGCTAATGAAACAGGTGCTTTCTTCTTTCTGATTAATGGCCCGGAGATNATGTCN,1
ACCCCCTGGCTCTGGAAAGACCCTCATTGCTAGAGCTGTTGCTAATGAAACAGGTGCTTTCTTCTTTCTGATTAATGGCCCGTAGATTATGTCA,1
ACCCCCTGGCTCTGGAAAGACCCTCANTGCTAGAGCTGTTGCTAATGAAACAGGTGCTTTCTTCTTTCTCATTAATGGCCCGGAGATTATGTCA,1
ACCCCCTGGCTCTGGAAAGACCCTCATTGCTAGAGCTGTTGCTAATGAAACAGGTGCTTTCTTCTTTNTGATTAATGGCCCGGAGATNATNTNN,1
ACCCCCNGGCTCTGGAAAGACCCTCATTGCTAGAGCTGTTGCTAATGAAACAGGTGNTTTCTTCTTTCTGATTAATGGCCCGGAGANTATGTCA,1
ACCCCCTGGCTCTGGAAAGACCCTCATTGCTANAGCTGTTGCTAATGAAACAGGTGCTTTNTTCTTTCTGATTAANGGCCCGGAGATTATGTCA,1
ACCCCCTGGCTCTGGAAAGACCCTCATTGCTAGAGCTGTTGCTAATGAAACAGGTGCTTTCTTCTTTCTGATTAATGGCCCGGAGATCATGTCA,1
ACCCCCTGGCTCTGGAAAGACCCTCATTGCTAGAGCTGTTGCTAATGAAACAGGTGCTTTCTTCTTTCTGATTAATGGCCCGGAGANTATNNCA,1
ACCCCCTGGCTCTGGAAAGACCCTCATTGCTAGAGCTGTTGCTAATGAAACAGGTGCTTTCTTCTTTCTGATTAATGGCCCGGAGATTAAGTCA,1
ACCCCCTGGCTCTGGAAAGACCCTCATTGCTAGAGCTGTTGCTAATGAAACAGGTGCTTTCTTCTTTNTGATTAATGGCCCGGAGATTNNGTCA,1
ACCCCCTGGCTCTGGAAAGACCCNCATTGCTAGAGCTGTTGCTAATGAAACANGTGCTTTCTTCTTTCTGATTAATGGCCCGGAGATTATGTCN,1
ACCCCCTGGCTCTGGAAAGACCCTCATTGCTAGAGCTGTTGCTAATGAAACAGGTGCTTTCTTCTTTCTGATTAATGGCCCGGAGNTNATGNCA,1
ACCCCCTGGCTCTGGAAAGACACTCATTGCTAGAGCTGTTGCTAATGAAACAGGTGCTTTCTTCTTTCTGATTAATGGCCCGGAGATNATGTCA,1
ACCCCCTGGCTCTGGAAAGACCCTCATTGCTAGAGCTGTTGCTAATGAAATAGGTGCTTTCTTCTTTCTGATTAATNGCCCGGAGATTATGTCA,1
ACCCCCTGGCTCTGGAAAGACCCTCATTNCTAGAGCTGTTGCTAATGAAACNGGTGCTTTNNTCTTTCTGATTAATGGCCCGGAGATTATGTCA,1
ACCCCCTGGCTCTGGAAAGACCCTCATTGCNAGAGCTGTTGCTAATGAAACAGGTGCTTTCTTCTTTCTGATTGATGGCCCGGAGATTATGTCA,1
ACCCCCTGGCTCTGGAAAGACCCTCATTGCTANAGCTGTTGCTAATGAAACAGGTGCTTTCTTCTTTCTGATTAATGNCCCGGAGATTATGTCA,1
ACCCCCTGGCTCTGGAAAGACCCTCATTGCTAGAGNTGTTGCTAATGAAACAGGTGCTTTCTTCTTTCTGATTAATGGCCCGNAGATTATGTCA,1
ACCCCCTGGCTCTGGAAAGACCCTCATTGCTAGAGNTGTTGCTAATGAANCAGGTGNTTTCTTCTTTCTGATTAATGGCCCGGAGATTANGTCA,1
ACCCCCTGGCTCTNGAAAGACCCTCATTGCTAGAGCTGTTNCTAATGAAACAGGTGCTTTCTTCTTTCTGATTAATGGCCCGGAGATTATGTCA,1
ACCCCCTGGCTCTGGAAAGACCATCATTGCTAGAGCTGTTGCTAATGAAACAGGTGCTTTCTTCTTTCTGATTAATGGCCCGGAGATTATGTCA,1
ACCCCCTGGCTCTGGAAAGACCCTCATTGCTAGAGCTGTTGCTAATGAAACAGGTGCTTTCTTCTTNCTGATTAATGGCCCGGAGATTATNTCA,1
ACCCNCTGGCTCTGGAAAGACCCTCATTGCTAGAGCTGTTGCTAATGAAACAGGTNCTTTCTTCTTTCTNATTAATGGNCCGGAGATTATGTCA,1
ACCCCCTGGCTCTGGAAAGACCNTCANTGCTAGAGCTGTTGCTAATGAAACAGGTGCTTTCTTCTTTCTGATTAATGGCCCGGAGANTATGNCA,1
ACCCCCTGGCTCTGGGAAGACCCTCATTGCTAGAGCTGTTGCTAATGAAACAGGTGCTTTCTTCTTTCTGATTAATGGCCCGGAGATTATGTCA,1
ACCCCCTGGCTCTGGAAAGACCCTCATTGCTAGAGCTGTTGCTAATGAAACAGGTGCTTTCTTCTTTCTGATTAATGGCCCGGAGATTATGNCN,1
ACCCCCTGGCTCTGGAAAGACCTTCATTGCTAGAGCTGTTGCTAATGAAACAGGTGCTTTCTTCTTTCTGATTAATGGCCCGGAGATTATGTCA,1
ACCCCCTGGCTCTGGAAAGACCCTCATTGCTAGAGCTGTTNCTAATGAAACAGGTGCTTTCTTCTTTCTGATTAATGGCCCGGAGATTANGTCA,1
ACCCCCTGGCTCTGGAAAGACCCTCANTGCTAGANCTGTTGCTAATGAAACAGGTGCTTTCTTCTTTCTGATTAATGGCCCGGAGATTATGTCA,1
ACCCCCTGGCTCTGGAAAGACCCTCATTGCTNGAGCTGTTGCTAATGAAACAGGTGCTTTCTTCTTTCTGATTAATGGCCCGGAGATTATGTCA,1
ACCCCCTGGCTCTGGAAAGACACTCATTGCTAGAGCTGTTGCTAATGAAACAGGTGCTTTCTTCTTTCTGATTAATGGCCCGGAGATNATNTCA,1
ACCCCCTGGCTCTGGAAAGACCCTCATTGCTAGAGCTGTTGCTAATGAAACAGGTNCTTTCTTCTTTCTGATTAATGGCCCGGAGATTATGTCA,1
NCCCCCTGGCTCTGGAAAGACCCTCATTNCTAGAGCTGTTGCTAATGAAACAGGTGCTTTCTTCTTTCTGATTAATGGCCCGGAGATTATGTCA,1
ACCCCCTGGCTCTGGAAAGACCCTCATTGCTAGAGCTGTTGCTAATGAAACAGGTGCTTTCTTCTTTCTGATTAATGGCCCNGAGATTATNTCA,1
NCCCCCTGGCTCTGGAAAGACCCTCATTGCTAGAGCTGTTGCTAATGNAACAGGTGCTTTCTTCTTTCTGATTAATGGCCCGGAGATTATGTCA,1
ACCCCCTGGCTCTNGAAAGACCCTCATTGCTAGAGCTGTTGNTAATGAAANAGGTGNTTTCTTCTTTCTNATTAATGGCCCGGAGATTATGTCA,1
ACCCCCTGGCTCTGGAAAGACCCTCATTGCTAGAGCTGTTGCTAATGAAACAGGTGCTTTCTTCTTTCTGATTAATGGCTCGGAGATTATGTCA,1
ACCCCCTGGCTCCGGAAAGACCCTCATTGCTAGAGCTGTTGCTAATGAAACAGGTGCTTTCTTCTTTCTGATTAATGGCCCGGAGATTATGTCA,1
ACCCCCTGGCTCTNGAAAGACCCTCATTNCTAGAGCTGTTGCTAATGAAACAGGTGCTTTCTTCTTTCTGATTAATGGCCCGGAGATTATNTCA,1
ACNCCCTGGNTCTGGANAGACCCTCATTGCTAGAGCTGTTGCTAATGAAACAGGTGCTTTCTTNTTTCTGATTAATGGCCCNGAGATNATGNCN,1
ACCCCCTGGCTCTGGAAAGACCCTCATTGCTAGAGCTGTTGCTAATGAAACAGGTGCTTTCTTCTNTCTGATTAATGGCCCGGAGANTATGNCA,1
ACCCCCTGGCTCTGGAAAGACCCTCATTGCTAGAGCTGTTGCTAATNAAACAGGTGCTTTCTTCTTTCTGATTAATGGCCCGGAGANTANGTCA,1
ACCCCCTGGCTCTGGAAAGACCCTCATTGCTAGAGCTGTTGCTAANGAAACAGGTGCTTTCTTCTTTCTGATTAATGGCCCGGAGATNANGTCA,1
ACCCCCTGGCTCTGGAAAGACCCTCATTGCTAGAGCTNTTGNTAATGAAACAGGTGNTTTCTTCTTTCTGATTAATGGCCNGNAGANNATGTCA,1
ACCCCCTGGCTCTGGAAAGACCCTCATTGCTAGAGCTGTTGCTAATGAANCAGGTGCTTTCTTCTTTCTGATTAATGGCCCGGAGATTATGTCA,1
ACCCCCTGGCTCTGGAAAGACCCTCATTGCTAGAGCTGTTGCTAATGAAACAGGTGNTTTCTTCTTTCTGATTAATGGCCCGGAGATTATGTCA,1
ACCCCCTGGCTCTGGAAAGACCCTCATTGCTAGAGCTGTTGCTAATGAAACAGGTGCTTTCTNCTTTCTGATTAATGGCCCGGAGATTATNTCA,1
ACCCCCTGGCTCTGGAAAGACCCTCATTGCTAGAGCTGTTGNTAATGAAACAGGTGCTTTCTTCTTTCTGATTAATGGCCCGGAGATNANGTCA,1
ACCCCCTGGCTCTGGAAAGACCCTCATTGCTAGAGCTGTTNCTAATGAAANAGGTGCTTTCTTNTTTNTGATTAANGGCCCGGAGATTATGTCA,1
ACCCCCTGGCTCTGGAAAGACCCTCATTGCTAGAGCTGTTGCTNATGAAACAGGTGCTTTCTTCTTTCTGATTAATGGCCCGGAGATTANGTCA,1
ACCCCCTGGCTCTGGAAAGACCCTCATTGCTAGAGCTGTTGCTAATGAAACANGTGCTTTCTTCTTTCTGATTAATGGCCCGNAGATTATGTCA,1
ACCCCCTGGCTCTGGAAAGACCCTCATTGCTAGAGCTGTTGCTAATGAAACAGGTGCTTTCTTCTTTCTGATTAATGGCCNGGAGATTATGTCA,1
ACCCCCTGGCTCTGGAAAGANCCTCATTGCTAGAGCTGTTGCTAATGAAACAGGTGCTTTCTTCTTTCTGATTAATGGCCCGGAGATTATGTCA,1
ACCCCCTGGCTCTGGAAAGACCCTCATTGCTAGAGCTGTTGCTAATGAAACAGGTGCTTTCTTCTTTCTGATTAANGGCCCGGAGATTANGTCA,1
ACCCCCTGGCTCTGGAAAGACCCTCATTGCTAGANCTNTTGCTAATGAAACAGGTGCTTTCTTCTTTNTNATTAATGGCCCGGAGATTATGTCA,1
ACCCCCTGGCTCTGNAAAGACCCTCATTGCTAGAGCTGTTGCTAATGAAACAGGTGCTTTCTTCTTTCTGATTAATGNCCCNGAGATTATGTCA,1
NCCCCCTGGCTCTGGAAAGACCCTCATTGCTAGAGCTGTTGCTAATGAAACAGGTGCTTTCTTCTTTCTGATTAATGGCCCGGAGANNATGTCA,1
ACCCCCTGNCTCTGNAAAGACCCTNATTGCTAGAGCTGTTGCTAATGAAACAGGTGCTTTCTTCTTTCTGATTAATGNCNCGGAGATTANGTCA,1
ACCCCCTGGCTCTGGAAAGACCCTCATTGCTAGAGCTGTTGCTAATGAAACAGGTGCTTTCTTCTTTCTGATTAATGGCCCGGAGANNANGTCN,1
ACCCCCTGGCTCTGGAAAGACCCTCATTGCTAGAGCTGTTGCTAATAAAACAGGTGCTTTCTTCTTTCTGATTAATGGCCCGGAGANTATGTCA,1
ACCCCCTNGCTCTGGAAAGACCCTCATTGCTAGAGCTGTTGCTAATGAAANAGGTGCTTTCTTCTTTCTGATTAATGNCCCGGAGATTATGTCA,1
ACCCCCTGGCTCTGGAANGACCCTCATTGCTAGAGCTGTTGCTAATGAAACAGGTGCTTTCTTCTTTCTGATTAATGGCCCGGAGATNATGTCA,1
NCCCCCTGGCTCTGGAAAGACCCCCATTGNTAGANCTGTTGCTAATGAAACAGGTGCTTTCTTCTTTCTGATTAATGGCCCGGAGATTATGTCA,1
ACCCCCTGGCTCTGGAAAGACCCTCATTGCTAGAGCTGTTGCTAATGAAACAGGTGCTTTCTTCTTTCTGATCAATGGCCCGGAGATTATGTCA,1
ACCCCCTGGCTCTGGAAAGACCCTCANTGCTAGAGCTGTTGCTAATGAAACAGGTGCTTTCTTCTTTCTGATTAATGGCCCGGAGANTATGNCA,1
ACCCCCTGGCTCTGGAAANACCCTCATTGCTAGAGCTGTTGCTAATGAAACAGGTGCTTTCTTCTTTCTGATTAATGGCCCGGAGATTATGTCN,1
ACCCCCTGGCTCTGGAAAGACCCTCATTNCTAGAGCTGTTGCTAANGAAACAGGTGCTTTCTTCTTTCTGATTAANGGCCCGGAGATTATNTCA,1
ACCCCCTGGCTCTGGAAAGACCNTCATTGCTAGAGCTGTTGCTAATGAAACAGGTGCTTTCTTCTTTCTGATTAATGGCCCGGAGATTATGTCA,1
ACCCCCTGGCTCTGAAAAGACCCTCATTGCTAGAGCTGTTGCTAATGAAACAGGTGCTTTCTTCTTTCTGATTAATGGCCCGGAGATTATGTCN,1
ACCCCCTGGCTCNGGAAAGACCCTCATTGCTAGAGCTGTTGCTAATGAAACAGGTGCTTTCTTCTTTCTGATTAATGGCCCGGAGATTATGNCA,1
ACCCCCTGGCTCTGGAAAGACCCTCATTGCTAGAGCTGTTGCTAATGAAACAGGTGCTTTCTTCTTTCTAATTAATGGCCCGGAGATTANGTCA,1
ACCCCCTGGCTCTGGAAAGACCCTCATTGCTAGAGCTGTTGCTAATGAAACAGGTGCTTTCTTNTTTCTGATTAATGGCCCGGAGANTATGNCA,1
ACCCCCTGGCNCTGGAAAGACCCCCATTGNTAGAGCTGTTGCTAATGAAACAGGTGCTTTCTTCTTTCTGATTAATGACNCGGAGATTATGTCA,1
ACCCCCTGGCTCTGGAAAGACCCTCATTGCTAGAGCTGTTGCTAATGAAACAGGTGCTTTCTTCTNTCTGATTAATGGCCCGGAGATTATGTCN,1
ACCCCCTGGCTCTGGAAAGACNCTCATTGCTAGAGCTGTTNCTAATGAAACAGGTGCTTTCTTCTTTCTGATTAATGGCCCGGAGATTNTGTCA,1
ACCCCCTGNCTCTGGAAAGNCCCTCATTGCTAGAGCTGTTGCTAATGAAACAGGTGCTTTCTTCTTTCTGATTAATGGCCCGGAGATTATGTCA,1
ACCCCCTGGCTCTGGAAAGACCCTCATTGCTAGAGCTGTTGCTAATGAAACAGGTGCTTTCTTCTTTCTGATTAATGGCCCGNAGATNATGTCA,1
ACCCCCTGGCTCTGGAAAGACCCTCATTGCTAGAGCTGTTGCTAATGAAACAGGTGCNTTCTTCTTTCTGATTAATNGCCCGGAGATTATGTCA,1
ACCCCCTGGCTCTGGAAAGACCCTCATTGCTAGAGCTGTTGCTAATGAAACAGGTGCTTTCTTCTTTCTGATTAATGGCCCNGAGATNATGTCA,1
NCCCCCTGGCTCTGGAAAGACCCTCATTGCTAGAGCTGTTGCTAATGAAACAGGTGCTTTCTCCTTTCTGATTAATNGCCCGGAGANTATGTCA,1
ACCCCCTGGCTCTGAAAAGACCCTCANTGCTAGAGCTGTTGCTAATGAAACAGGTGCTTTCTTCTTTCTGATTAANGGCCCGGAGATTATGTCA,1
NCCCCCTGGCTCTGGAAAGACCCTCATTGCTAGAGCTGTTGCTAATGAAACANGTGCTTTCTTCTTTCTGATTAATGGCCCGGAGATTATGTCA,1
ACCCCCTGGCTCTGGAAAGACCCTCATTGCTAGAGCTNTTGCTAATGAAACAGGTGCTTTCTTCTTTCTGATTAATNGCCCGGAGATTATGTCA,1
ACCCCCTGGCTCTGGANAGACCCTCANTGCTAGAGCTGTTGCTAATGAAACAGGTGCTTTCTTCTTTCTGATTAATGGCCCGGAGATTATGTCA,1
ACCCCCTGGCTCTGGAAAGACCCTCATTGCTAGAGCTGTTGCTAATGAAACAGGTGCTTTCTTCTTTCTGATTAATGGCCCGGAGATNNTGTCN,1
ACCCCCTGGCTCTGGAAAGACCCNCATTGCTAGAGCTGTTGCTAATGAAACAGGTGCTTTCTTCTTTCTGATTAANGGCCCGGAGATTATGTCA,1
ACCCCCTGGCTCTGGAAAGACCCTCATTGCTAGAGNTGTTGCTAATGAAACAGGTGCTTTCTTCTTTCTGATTAATGGCCCGGAGATNATGTCA,1
ACCCCCTGGCTCTGGAAAGACCCTCATTGCTAGAGCTGTTGCTAATGAAACAGGTGCTTTCTTCTTTCTGATTNATGGNCCGGAGATTATGTCA,1
ACCCCCTGGCTCTGGAAAGACCCTCATTGCTAGAGCTGTTGCTAATGAAACAGGTGCTTTCTTCTTTCTGATNAATGGCCCGGAGATTNTGTCA,1
ACCCCCTGGCTCTGGAAAGACCCTCATTGCTAGAGCTGTTGCTAATGAAACAGGTGCTTTCTTCTTTCNGATTAATGGCCCGGAGATTATGTCA,1
ACCCCCTGGCTCTGGAAAGACCCTCATTGCTAGAGCTGTTGCTAATGAAACAGGTGCTTTCTTCTTTCTGATTAATGGCNCGGAGATTATGTCA,1
ACCCCCTGGCTCTGGAAAGACCCTCATTGCTAGAGCTGTTGCTAATNAAACAGGTGCTTTCTTCTTTNTGATTAATGGCCCGGAGATTATGTCA,1
ACCCCCTGGCTCTGGAAAGACCCTCATTGCTAGAGCTGTTGCTAATGAAACAGGTGCTTTCTTCTTTCTNATTAATGGCCCGGAGANTATGTCA,1
ACCCNCTGGCTCTGGAAAGACCCTCATTGCTAGAGCTGTTGCTANTGAAACANGTGCTTNCTTCTTTNTGATTAATGGCCCGGANATTATGTCA,1
ACCCCCTGGCTCTGAAAAGACCCTCATTGCTAGAGCTGTTGCTAATGAAACAGGTGCTTTCTTCTTTCTGATTAATGGCCCGGAGATTATGTCA,1
ACCCNCTGGCTCTGGAAAGACCCTCATTNCTAGAGCTGTTGCTAATGAAACAGGTGCTTTCTTCTTTCTGATTAATGGCCCGGAGATTATGTCA,1
ACCCCCTGGCTCTGGAAAGACCCTCATTGCTAGAGCTGTNGCTAATGAAACAGGTGCTTTCTTCTTTCTGATTAATGGCCCGGAGATTANGTCA,1
ACCCCCTGGCTCTGGAAAGACCCTCATTGCTAGAGCTGTTGCTAATGAAACAGGTGCTTTCTTCTTTTTGATTAATGGCCCGGAGANNATGTCA,1
ACCCCCNGGCTCTGGAAAGACCCTCATTGCTAGAGCTGTTGCTAATGAAACAGGTGCTTTCTTCTTTCTGATTAATNNCCCGGAGATTATGTCA,1
ACCCCCTGGNTCTGGANAGACNCTCATTGCTAGAGCTGTTGCTAATGAAACAGGTGCTTTCTTCTTTCTNATTNATGGCCCGGAGATTATGTCA,1
ACCCCCTGGCTCTGGAAAGACCCTCATTGCTAGAGCTGTTGCTAATGAAACAGGTGCTTTCTTCTTTCGCATTAATGGCCCGGAGATTATGTCA,1
ACCCCCTGGCTCTGGAAAGACCCTCANTGCTAGAGCTGTTGCTAATGAANCAGGTGCTTTCTTCTTTCTGATTAATNGCCCGGAGATTATGTCA,1
ACCCCCTGGCTCTGGAAAGACCCTCATTGNTAGAGCTGTTGCTAATGANACAGGTGCTTTCTTCTTTCTGATTAATGGCCCGGAGATTATGTCA,1
ACCCCCTGGCTCTGGAAAGACCCACATTGCTAGANCTGTTGCTAATGAAACAGGTGCTTTCTTCTTTCTGATTAATGGCNNGGAGANTATGTCA,1
ACCCCCTGGTTCTGGAAAGACCCTCATTGCTAGAGCTGTTGCTAATGAAACAGGTGCTTTCTTCTTTCTGATTAATGGCCCGGAGATTANGTCA,1
ACCCCCTGGCTCTGGAAAGACCCTCATTGCTAGAGCTGTTGCTAATGANACAGGTGCTTTCTTCTTTCNGATTAATGGCCCGGAGATTNTGTCA,1
ACCCCCTGGCTCTGGAAAGACCCTCATTGCTAGAGCTGTTGCTAATGAAACAGGTGCTTTCTTCTTTCTGATTAATGGCCCGGAGATTGTGTCA,1
ACCCCCTGGCTCTGGAAAGACCCTCATTGCTAGAGCTGTTGCTAATGAAACNGGTGCTTTCTTCTTTCTGATTAATGGCCCGNAGATNATGTCA,1
ACCCCCTGGCTCTGGAAAGAACCTCATTGCTAGAGCTGTTGCTAATGAAACAGGTGCTTTCTTCTTTCTGATTAATGGCCCGGAGATTATGTCA,1
ACCCCCTGGCTCTGGAAAGACCCTCATTGCTAGAGCTGTTNCTAATGAAACAGGTGCTTTCTTCTTTCTGATTAATGGCCCGGAGATTATNTCA,1
